RyuuWaterDragon,RT @BeyondHamilton: @MissLynneNYC I ordered the Muller Report on Audible for free bcs I usually listen to books. They released it for free.‚Ä¶,https://twitter.com/i/web/status/1120857046537179136,0
lunamation,"RT @robert_zubrin: I made the Muller report!p. 16 footnote 14 of vol II: ""14 See e.g Andrew Osborn From Russia with love: why the Krem‚Ä¶",https://twitter.com/i/web/status/1120856523872145408,0
craig_ogren,@realDonaldTrump He must of not been in muller report ?his dad was smart ? Right just a thief,https://twitter.com/i/web/status/1120856499297968129,-1
dza3636,"@charlesj7787 @JessieJaneDuff ""The fact that this prosecutor unlike other prosecutors cannot indict if he finds an indictable offense may seem to put pressure on the attorney general to share the report with Congress which can remedy presidential misconduct through impeachment."" -Ken Starr op-ed on muller",https://twitter.com/i/web/status/1120856160603705344,0
RTedfordCEO,@realDonaldTrump @FoxNews If Trump's not guilty release the full Muller report. Unredacted. Also release his taxes. #Trumpguilty,https://twitter.com/i/web/status/1120855526395404288,-1
jimmyjimmyhall2,@RJNewsflash F‚Ä¢‚Ä¢‚Ä¢ @ShepNewsTeam he is another 2 face jerk who hates our President @realDonaldTrump. He hated that muller did not come up with nothing in his first report. Not the bs notes he added in the second half for all the swamp rats like shep and the Democrats to chew on. #trump2020,https://twitter.com/i/web/status/1120855282501005312,-1
marybai44359310,@realDonaldTrump @FoxNews Obviously you can‚Äôt read! Do you need an interpreter for the Muller report?,https://twitter.com/i/web/status/1120855236858580992,-1
Ladanieladea,@DocEgonSpengler @realDonaldTrump @FoxNews Miss Clinton commented on the Muller's report which seemed was paid by the Dems...#KAG2020 #TRUMP2020Landside.,https://twitter.com/i/web/status/1120855202754465792,-1
Reglyirregular,Really just woke up after the Muller Report ü§î https://t.co/XEhS0wp5YL,https://twitter.com/i/web/status/1120854873749299200,0
BigBobSmoker1,@LindseyGrahamSC @GOP His campaign literally told the Russians it was OK to spy on American citizens.  They didn‚Äôt report anything to the secret service or FBI. They are traders of the highest level. This is true this is what they admitted to in the Muller report.,https://twitter.com/i/web/status/1120854862231744514,0
Juanita29366652,Righteous Truth:According to the all news media the Muller report is a best seller. People are reading the report not some bull shit summary that fat ass barr wrote.Guess what the trumpsupporters aren't reading Muller's report because those motherfuckers can't read!,https://twitter.com/i/web/status/1120854832276025344,-1
LeperaRobert,"@QC_Bounce @gatxer01 @rickrosa10 @brithume Muller report lays it out. President Bone Spurs is soooo passive around Putin why is that? Embarrassing-Helsinki July ""I have great confidence in my intelligence people but I will tell you that President Putin was extremely strong and powerful in his denial today"" Trump said.",https://twitter.com/i/web/status/1120854815117053952,-1
HamdyKathleen,"RT @oliviaboen: @thehill Done following @thehill . What kind of a headline is ""Sanders fires back..."" when we just learned from Muller Repo‚Ä¶",https://twitter.com/i/web/status/1120854724998258688,0
JoyceGrady1,Well Democrats you foot the bill and pay the taxpayer for the Muller report. https://t.co/xeMuLt4tN6,https://twitter.com/i/web/status/1120854721718300672,-1
Three59962462,@rugursig @EdKrassen @RepAdamSchiff What page of the Muller report is this on ü§î https://t.co/LvwewJS0ud,https://twitter.com/i/web/status/1120854711492431872,0
GGColberg,@Upnparr @lisastark351 @RepMarkMeadows @realDonaldTrump Read the Muller Report and get back to me.,https://twitter.com/i/web/status/1120854554940190722,0
tishara123,Wow!! I have not only downloaded but also read the ENTIRE muller report. If I didn‚Äôt already know there is a cancer in the WH I most definitely know it now. You won‚Äôt believe wht it says read it for yourself!! Not good 4 this administration. It‚Äôs time they all go now!!,https://twitter.com/i/web/status/1120854423360745478,-1
LauraLeeBordas,ALERT ALERT MULLER REPORT ALLOWS DOSSIER TO BLOW UP IN CLINTON FACE Caution to all deep state your next https://t.co/o35Nx60tql,https://twitter.com/i/web/status/1120854406390587392,-1
Lou2uLou,@SpeakerPelosi @windmillcharger You are being dishonest moving the goal posts. Two years ago you told us to wait for the Muller report. We delivered a majority to you on your pledge to hold Trump accountable. The Muller report was released showing enough obstruction of justice to start impeachment hearings.,https://twitter.com/i/web/status/1120854216476626947,-1
HailNuke,@ApprovalVote @MYGREYGARDENS Yep its clear you did not read the report.Theirs a part in the report that showed trump trying to fire Robert Muller but the people around him did not carry out his order,https://twitter.com/i/web/status/1120853348633260032,0
nonjuror,The post Muller report presidency equates with the post Trump presidency,https://twitter.com/i/web/status/1120853321722548224,0
hankt1972,@paulkrugman So Hillary bought the steel dossier and turn out to Russian screwing everyone. Sounds like Obama and his administration drop the ball. Because I read the Muller report which really seems like a Democrat playbook but I guess this is the insurance policy they were texting about.,https://twitter.com/i/web/status/1120853257646149632,-1
RockinW5,@DNCWarRoom @realDonaldTrump Why should he what do you hope to accomplish you won‚Äôt even tell the truth about the Muller report.,https://twitter.com/i/web/status/1120853044852330496,0
sidapps,@JerryMoran did u think that the Muller report clears Trump &amp; no aids should honor oversight subpoenas?,https://twitter.com/i/web/status/1120852955811463169,-1
peek_r,@RepAdamSchiff Once again you pathetic liberals are trying to spin your bull üí© stories to fit you harassment. FB testified that LESS then 4000 negative posts were used. Twitter is as equally. The Muller report clearly states that NO Trump people were involved in or participated with Russia!,https://twitter.com/i/web/status/1120852859476639744,-1
MissLynneNYC,RT @BeyondHamilton: @MissLynneNYC I ordered the Muller Report on Audible for free bcs I usually listen to books. They released it for free.‚Ä¶,https://twitter.com/i/web/status/1120852575060996096,0
KelCampy,"RT @oliviaboen: @thehill Done following @thehill . What kind of a headline is ""Sanders fires back..."" when we just learned from Muller Repo‚Ä¶",https://twitter.com/i/web/status/1120852467967774720,0
TMPeace2,@legaleagle48 @modernangelo @PeteButtigieg I have watched most videos and they are compelling.  However I understand what is being said about the lack of policy specifics.  Pete never answers how he will implement his policies and what is the timeline.  The muller report is #1 for a reason it has details,https://twitter.com/i/web/status/1120852005927432192,1
AdelysArt,@realDonaldTrump The way you chased Obama‚Äôs birth certificate was a witch hunt. The judicial process that went through to produce Muller‚Äôs report was legal because no one is above the law and suspicion of election fraud should always be investigated. You are NOT a victim,https://twitter.com/i/web/status/1120851337841762304,-1
gordonr2k13,@realDonaldTrump Go fuck your mother. You are guilty as hell. EVERYONE knows you obstructed Justice and very soon you will piss off the wrong person who has proof of your treason. Bars summary of the Muller report is a joke and Congress is going to get the full report. YOU'RE OUR BITCH NOW BOY!,https://twitter.com/i/web/status/1120850936904278016,-1
pastorkengeer,@SpeakerPelosi The muller report did not have enough to indict the president. Go ahead and waste your time on more worthless media stunts and the american people will get nothing from the House.,https://twitter.com/i/web/status/1120849824218263552,-1
BeyondHamilton,@MissLynneNYC I ordered the Muller Report on Audible for free bcs I usually listen to books. They released it for free. Now I can listen to what‚Äôs available for no cost.,https://twitter.com/i/web/status/1120849749077315593,0
nieceofToni,RT @CheriJacobus: The more voters who learn what's in the Muller report the lower Trump's poll numbers go.  Since most people won't read t‚Ä¶,https://twitter.com/i/web/status/1120849687320367105,-1
James81030796,@joncoopertweets You absolute dumbass. The Muller report stated they didn‚Äôt make a choice on obstruction so they left it to the attorney general and his team to see the evidence where they then concluded their was no obstruction.,https://twitter.com/i/web/status/1120849303147249671,-1
Lou2uLou,@SpeakerPelosi @windmillcharger You said two years ago when we called for impeachment to wait for the Muller report. Now we have it and you say we need to wait for the unredacted version. You are moving the goal posts to deceive those who supported you and gave you the majority. You're being dishonest.,https://twitter.com/i/web/status/1120849261216829440,-1
gbdinterests,@realDonaldTrump At least we have a few excellent journalists left in the US - especially at NYTimes. Can‚Äôt wait until we the people see the Full Muller Report!,https://twitter.com/i/web/status/1120849227175878657,1
Claritybear,@jenimanon @GeorgeTakei You‚Äôre right @jenimanon there are lots of folks who live pay check to pay check who care. And many who don‚Äôt-for many of reasons. And the later group is why we have our current president. The results of the Muller Report is not going to the minds of most of them.,https://twitter.com/i/web/status/1120849125770182662,0
JenniferPravato,@MarMacUSPatriot @EvanRickard @TheSpanishDrunk @assinthevalley @jonathanjewel Actually they are parroting the Muller report. You might wasn‚Äôt to actually read it,https://twitter.com/i/web/status/1120849033210155014,-1
thesetearsicry,This is how you know color people are not treated equal when it comes to the ruling in this society. Because if the Muller report was a reflection of Barack Obama doing there would have been no question about impeachment just the words. IMPEACH HIM NOW. Why not say that now?,https://twitter.com/i/web/status/1120848695279247360,-1
ffunnyguy,Yo ! Have you read the Muller report ? How did you let this happen ?  @FEC  @alt_fec  CC: #ImpeachDonaldTrump,https://twitter.com/i/web/status/1120848673909264384,-1
VittoriaRose2,@Greg_Sbutta @krassenstein The attorney general is acting as Trump's personal attorney and was appointed by Trump for Trump. Since we are talking about conflict of interests. Besides did you read the Muller report. My guess is you didn't because it's damning.,https://twitter.com/i/web/status/1120848357570772992,-1
Triplenichol,@neal_katyal What took him so long?  It's not like the Muller report was some kind of revelation.  We knew about russians porn stars endless lies.  Real courage would have been to stand up 2 years ago...better late than never?,https://twitter.com/i/web/status/1120847896264372224,0
tourist_paid,@ecclesias @Barbara60117444 @onlyperipatetic @IlhanMN @RashidaTlaib @AOC Trump has 0 Indictments brought against him. So that means he committed 0 crimes. If you know something Robert Muller doesn't please enlighten me. Since YOU read the report...I'm waiting.,https://twitter.com/i/web/status/1120847863842369536,-1
Crustyone2,@Badkracker13 @WestvilleGirl82 @WhoisQ1 @DeepPopQ @Time_Sentinel @nezumi_ningen What you can't read? It's not pur job to hold your hand do your own research but use valid sources based in reality like the Muller report.,https://twitter.com/i/web/status/1120847641636687872,-1
lriversiii,RT @dc_yenny: After hours of analysis I am glad to see my last article published about the intersections of the Mueller report and whitene‚Ä¶,https://twitter.com/i/web/status/1120847487596625920,1
AlistairDuncanK,RT @cpaschali: Ah Change UK/TIG decided to impersonate the Muller report https://t.co/CJvOGOnwkT,https://twitter.com/i/web/status/1120846897210589185,1
alesia_rinehart,@realDonaldTrump So I am 1/2 through the Muller Report and all I can think is that you are really betting that your supporters will not read it. So much collusion !!!,https://twitter.com/i/web/status/1120846540610920448,-1
lilinjen,@JuneMSanders Barr labeled &amp; color coded it   so they know what‚Äôs under the redacted areas! If theY look they can‚Äôt keep the lie going.  The muller report is in trump is innocent it‚Äôs over . Let them be fools,https://twitter.com/i/web/status/1120846474210938881,-1
VittoriaRose2,@Greg_Sbutta @krassenstein I did read those articles. I actually read the Muller report too. A separate investigation that absolutely dosn't exonerate Trump of anything. Also those last two articles were opinion pieces which I stay away from. Opinions are like butts everyone has one and they all stink.,https://twitter.com/i/web/status/1120846339355676673,-1
karlarobson8,I hope the Monarchy doesn't assume that President Donald Trump has been cleared by the Muller report? The Queen Mother &amp; Mary McLeod Trump were friends both being from Scotland now Trumps going to a Palace dinner hum..... https://t.co/P0cSb3Obkr,https://twitter.com/i/web/status/1120846206270230528,-1
applPiprogress,"RT @applPiprogress: Dems need CRISP PHRASE 2 repeat repeat repeat (like No Collusion)Thinking: ""The Muller Report Damns The Donald"" G‚Ä¶",https://twitter.com/i/web/status/1120846195151257601,-1
Andy75506342,@marklevinshow Love your show.  I am truly incensed by the whole Muller report and the ludicrous continued investigation by Democrats. When is this going to stop. With no collusion there can be no obstruction. I can only hope that Trump prevails in 2020,https://twitter.com/i/web/status/1120846193595166720,1
Pittsburghmia,@CNNPolitics If we keep focusing on Donnie and the Muller report Dems will lose.  Congress needs to do an investigation let us know the facts and let it go.  Move on to discuss issues and get trump out.  If we keep this up Donnie will win for sure.,https://twitter.com/i/web/status/1120845815361212416,1
TheBarWatch,@JudicialWatch @TomFitton Muller's report reads like a very very bad Russian spy novel.  The report done by House Intel Committee Republicans is a much better read and was completed over a year ago!  https://t.co/l1zaur6Otx,https://twitter.com/i/web/status/1120845115361247232,-1
wkpixley1,"@fosterclf We spent 2 years waiting and wasting time for the Muller Report."" No the Mueller Report is a valuable resource that lays the basis for deeper evaluation/prosecution. Mueller was literally prohibited from bringing actual charges",https://twitter.com/i/web/status/1120844052281401345,0
day_politics,@KaeAndersen @RepAdamSchiff @realDonaldTrump You need to take a step back and read Volume 1 of the Muller Report. You may have voted for Donald Trump but the Russians did interfere weather it was through Facebook Twitter or whatever they meddled in our elections.,https://twitter.com/i/web/status/1120843828259254272,-1
8t0Ric,RT @neverquiet1: Hmmmmm wonder what he was trying to get him to do?  Just like 45 did in the muller report twist arms! #Impeach45NOW http‚Ä¶,https://twitter.com/i/web/status/1120843722235584513,-1
B54304376,"@JudicialWatch @TomFitton @JudgeJeanine Muller Report Volume II of II.  Reads like a narrative even refers to ""media raised questions""  ""the Washington Post reported"" lots of 2nd hand conversation with bits and pieces of quotes.  Not what one would expect or consider weighted for legitimacy cost.",https://twitter.com/i/web/status/1120842973799964672,-1
WalthourGloria,RT @NBCNightlyNews: Watch live coverage of AG Barr's news conference on the redacted Muller report. https://t.co/0ZdAXYmEkV,https://twitter.com/i/web/status/1120842932179951617,0
TIGGERR00,RT @chuckwoolery: The Democrats are panicking following the Muller report and continue to hold on tight to the Russian collusion conspiracy‚Ä¶,https://twitter.com/i/web/status/1120842748033216523,0
cabodude,RT @thames_tim: Strange that the Democrats Are saying THE POLLS SAY MOST ALL OF THE PEOPLE WANTS THE ENTIRE MULLER REPORT RELEASED! ARE THE‚Ä¶,https://twitter.com/i/web/status/1120842493140934657,0
pattyinNY,"On our way to impeachment let's have Congress get the full unredacted report revealing all of the ""hidden"" crimes and let's hear Muller testify publically to the American people. Let's get the most out of our position and actually do some damage.. https://t.co/ouj6enG41r",https://twitter.com/i/web/status/1120842029192351750,0
B54304376,"@DailyCaller Muller Report Volume II of II read it yourself.  Reads like a narrative even refers to ""media raised questions""  ""the Washington Post reported"" lots of 2nd hand conversation with bits and pieces of quotes.  Not what one would expect or consider weighted for legitimacy cost.",https://twitter.com/i/web/status/1120841358904786951,0
Denise092863,@Twister7096 @zoobopadooba @torney_patricia @RepMaxineWaters @HillaryClinton @BillClinton Did u read the Muller report are u fine with his negative views on people of color are you bothered that he is a liar. Trump has issues both criminal and socially. He has destroyed farming communities trade policies international standing Trump doesn't know what he is doing,https://twitter.com/i/web/status/1120841349694140416,-1
backtothefarm,"@EricWFMJ I'm sure it's not your dept but WFMJ was out to our farm today along with Congressman Kelly. FMJ did a horrible piece and turned it political scene ""congressman what do you think of the Muller report?"" Doesn't reflect well on the station! #WFMJ",https://twitter.com/i/web/status/1120840939562516480,-1
erniefay,RT @cborkowski: @TrueFactsStated Congress please read the Muller Report and #ImpeachDonaldTrump. https://t.co/NaZiUouilN,https://twitter.com/i/web/status/1120840872633835520,0
arealexty,RT @CheriJacobus: The more voters who learn what's in the Muller report the lower Trump's poll numbers go.  Since most people won't read t‚Ä¶,https://twitter.com/i/web/status/1120840588675440646,0
RobertT96720685,RT @chuckwoolery: The Democrats are panicking following the Muller report and continue to hold on tight to the Russian collusion conspiracy‚Ä¶,https://twitter.com/i/web/status/1120840415291244546,-1
dc_yenny,After hours of analysis I am glad to see my last article published about the intersections of the Mueller report and whiteness.https://t.co/BpHQ8pwkJd,https://twitter.com/i/web/status/1120840195354583041,1
jillibeenz1,RT @RichardWeaving: SMC: House Dems Try To Order Attorney General Around Then Barr Crushes Nadler's Hope To See The Unredacted Muller Repo‚Ä¶,https://twitter.com/i/web/status/1120840027804717056,0
robclayrivers,@dc_yenny wrote the recent analysis good read - https://t.co/TlPC55QSTb,https://twitter.com/i/web/status/1120839764595417089,1
PaulHolzapfel,@JaredHuffman Dear @JaredHuffman I want to thank you for stepping up to the plate and vocalizing the need to move towards impeachment after the Muller report was released. While I highly respect @SpeakerPelosi formal investigative hearings MUST commence asap. Our constitution demands it. Thx,https://twitter.com/i/web/status/1120839763043315712,1
Yowib,@SpeakerPelosi This is disingenuous... you talk a big game about protect muller and the report.. muller gets done nothing found. Corruption is obvious  muller says it‚Äôs up to congress and in 4 TOTAL hrs you say ‚Äúno impeachment‚Äù WTF are you hyping all this up for?,https://twitter.com/i/web/status/1120839554905333762,-1
s500rick,@dadank1 @TaraSetmayer @AshaRangappa_ @Honestly_Tara Obstruction of justice  the mere attempt to try to get others to fire Muller..is Obstruction...Dan Mcgaian quit over it ...read the report,https://twitter.com/i/web/status/1120839206782287872,-1
ARRESTBHO,RT @colt_leonard: @FazioJoe @Richard37900032 @TomFitton @realDonaldTrump @GOP So bud that‚Äôs dues to the fact failure obama covered it up an‚Ä¶,https://twitter.com/i/web/status/1120839174788136960,-1
DIJoe78,@SpeakerPelosi In all fairness did you read the redacted Muller Report?,https://twitter.com/i/web/status/1120838791390875649,0
Florenc06365030,@purplemonkey75 @Drifterxgs @MSNBC We don‚Äôt need to impeach b/c we don‚Äôt have the votes in the senate the house needs to have live hearings so people can see what happened in the Muller report,https://twitter.com/i/web/status/1120838789650374657,0
ChristyenMormon,"@ReggieC_89 @dappergander @bud_cann @Can2geterdone If the Muller report says Trump is a criminal then that chain says Burning. Nothing wrong with being delusional in our society ""apparently""",https://twitter.com/i/web/status/1120838596431372289,-1
mehgcap,"@OpenArgs in today's episode Andrew was talking about a judge being granted the ability to review the un-redacted Muller report. What was that called? It sounded like ""in-camera"" but I'm guessing it's some Latin word?",https://twitter.com/i/web/status/1120838529142149121,0
Almightydidee1,@TIME @HillaryClinton It was utterly painful to watch this video! I wonder who gave this woman the right to opine in the muller report that she paid F-GPS for ! Furthermore we don‚Äôt know where 33k emails went and why blackberries were hammered.I rest my case!,https://twitter.com/i/web/status/1120837890576142337,-1
coterie186,@SenateGOP Problem with the RINO establishment is you dislike Trump voters. You should be raising $ off the great news of Muller report. Instead you have flipping Mitt who seeks media attention. Established deep state Rinos hate Trump &amp; his voters so you are silent with support.,https://twitter.com/i/web/status/1120837653832843264,-1
LeperaRobert,@gatxer01 @rickrosa10 @brithume Yeah that GIF makes no sense post Muller report it‚Äôs all in there.,https://twitter.com/i/web/status/1120837533687078912,0
Glenn78781418,I see where Hillery ( crime family) say's the Muller report is just the beginning. She's right she'll be the next one investigated along with the rest of her cohorts. Put all of them in jail. MAGA/KAG.,https://twitter.com/i/web/status/1120836624143671296,-1
billyshakes1561,@maggieNYT did rudy adivse WH to allow McGahn to give testimony to Muller report? a bit too late to change mind. @SRuhle @robreiner @McFaul @JohnBrennan @RepAdamSchiff #america why now #wethepeople what are they afraid of? hiding something? the truth shall set you free.,https://twitter.com/i/web/status/1120836274942693376,0
academic_degn,@RonTuck55568408 @politico lol since the muller report was a bust now the SDNY will come through.,https://twitter.com/i/web/status/1120835821437956097,1
ZilchBlack,"@realDonaldTrump It seems to many that you are being given lots of credit from the ""Fake News Media"" for what you have done Mr. President.  You are a traitor to our country and we have even more evidence of your treachery with the Muller report.",https://twitter.com/i/web/status/1120835102349627392,-1
ArbenLala2,@seanhannity @HillaryClinton @SaraCarterDC @GreggJarrett Crook Hannity imagine if Hillary was President &amp; Muller has the report on her? All of you crooks will vote to impeach &amp; get her out on the first day? You idiots are covering Trump crimes? All of you on your fake show was &amp; is a part of corrupt Trump administration?,https://twitter.com/i/web/status/1120834966399717377,-1
RyuuWaterDragon,RT @BeyondHamilton: @MissLynneNYC I ordered the Muller Report on Audible for free bcs I usually listen to books. They released it for free.‚Ä¶,https://twitter.com/i/web/status/1120857046537179136,0
lunamation,"RT @robert_zubrin: I made the Muller report!p. 16 footnote 14 of vol II: ""14 See e.g Andrew Osborn From Russia with love: why the Krem‚Ä¶",https://twitter.com/i/web/status/1120856523872145408,0
craig_ogren,@realDonaldTrump He must of not been in muller report ?his dad was smart ? Right just a thief,https://twitter.com/i/web/status/1120856499297968129,-1
dza3636,"@charlesj7787 @JessieJaneDuff ""The fact that this prosecutor unlike other prosecutors cannot indict if he finds an indictable offense may seem to put pressure on the attorney general to share the report with Congress which can remedy presidential misconduct through impeachment."" -Ken Starr op-ed on muller",https://twitter.com/i/web/status/1120856160603705344,-1
RTedfordCEO,@realDonaldTrump @FoxNews If Trump's not guilty release the full Muller report. Unredacted. Also release his taxes. #Trumpguilty,https://twitter.com/i/web/status/1120855526395404288,0
jimmyjimmyhall2,@RJNewsflash F‚Ä¢‚Ä¢‚Ä¢ @ShepNewsTeam he is another 2 face jerk who hates our President @realDonaldTrump. He hated that muller did not come up with nothing in his first report. Not the bs notes he added in the second half for all the swamp rats like shep and the Democrats to chew on. #trump2020,https://twitter.com/i/web/status/1120855282501005312,-1
marybai44359310,@realDonaldTrump @FoxNews Obviously you can‚Äôt read! Do you need an interpreter for the Muller report?,https://twitter.com/i/web/status/1120855236858580992,-1
Ladanieladea,@DocEgonSpengler @realDonaldTrump @FoxNews Miss Clinton commented on the Muller's report which seemed was paid by the Dems...#KAG2020 #TRUMP2020Landside.,https://twitter.com/i/web/status/1120855202754465792,-1
Reglyirregular,Really just woke up after the Muller Report ü§î https://t.co/XEhS0wp5YL,https://twitter.com/i/web/status/1120854873749299200,0
BigBobSmoker1,@LindseyGrahamSC @GOP His campaign literally told the Russians it was OK to spy on American citizens.  They didn‚Äôt report anything to the secret service or FBI. They are traders of the highest level. This is true this is what they admitted to in the Muller report.,https://twitter.com/i/web/status/1120854862231744514,0
Juanita29366652,Righteous Truth:According to the all news media the Muller report is a best seller. People are reading the report not some bull shit summary that fat ass barr wrote.Guess what the trumpsupporters aren't reading Muller's report because those motherfuckers can't read!,https://twitter.com/i/web/status/1120854832276025344,-1
LeperaRobert,"@QC_Bounce @gatxer01 @rickrosa10 @brithume Muller report lays it out. President Bone Spurs is soooo passive around Putin why is that? Embarrassing-Helsinki July ""I have great confidence in my intelligence people but I will tell you that President Putin was extremely strong and powerful in his denial today"" Trump said.",https://twitter.com/i/web/status/1120854815117053952,0
HamdyKathleen,"RT @oliviaboen: @thehill Done following @thehill . What kind of a headline is ""Sanders fires back..."" when we just learned from Muller Repo‚Ä¶",https://twitter.com/i/web/status/1120854724998258688,0
JoyceGrady1,Well Democrats you foot the bill and pay the taxpayer for the Muller report. https://t.co/xeMuLt4tN6,https://twitter.com/i/web/status/1120854721718300672,0
Three59962462,@rugursig @EdKrassen @RepAdamSchiff What page of the Muller report is this on ü§î https://t.co/LvwewJS0ud,https://twitter.com/i/web/status/1120854711492431872,0
GGColberg,@Upnparr @lisastark351 @RepMarkMeadows @realDonaldTrump Read the Muller Report and get back to me.,https://twitter.com/i/web/status/1120854554940190722,0
tishara123,Wow!! I have not only downloaded but also read the ENTIRE muller report. If I didn‚Äôt already know there is a cancer in the WH I most definitely know it now. You won‚Äôt believe wht it says read it for yourself!! Not good 4 this administration. It‚Äôs time they all go now!!,https://twitter.com/i/web/status/1120854423360745478,-1
LauraLeeBordas,ALERT ALERT MULLER REPORT ALLOWS DOSSIER TO BLOW UP IN CLINTON FACE Caution to all deep state your next https://t.co/o35Nx60tql,https://twitter.com/i/web/status/1120854406390587392,-1
Lou2uLou,@SpeakerPelosi @windmillcharger You are being dishonest moving the goal posts. Two years ago you told us to wait for the Muller report. We delivered a majority to you on your pledge to hold Trump accountable. The Muller report was released showing enough obstruction of justice to start impeachment hearings.,https://twitter.com/i/web/status/1120854216476626947,-1
HailNuke,@ApprovalVote @MYGREYGARDENS Yep its clear you did not read the report.Theirs a part in the report that showed trump trying to fire Robert Muller but the people around him did not carry out his order,https://twitter.com/i/web/status/1120853348633260032,-1
nonjuror,The post Muller report presidency equates with the post Trump presidency,https://twitter.com/i/web/status/1120853321722548224,0
hankt1972,@paulkrugman So Hillary bought the steel dossier and turn out to Russian screwing everyone. Sounds like Obama and his administration drop the ball. Because I read the Muller report which really seems like a Democrat playbook but I guess this is the insurance policy they were texting about.,https://twitter.com/i/web/status/1120853257646149632,0
RockinW5,@DNCWarRoom @realDonaldTrump Why should he what do you hope to accomplish you won‚Äôt even tell the truth about the Muller report.,https://twitter.com/i/web/status/1120853044852330496,0
sidapps,@JerryMoran did u think that the Muller report clears Trump &amp; no aids should honor oversight subpoenas?,https://twitter.com/i/web/status/1120852955811463169,-1
peek_r,@RepAdamSchiff Once again you pathetic liberals are trying to spin your bull üí© stories to fit you harassment. FB testified that LESS then 4000 negative posts were used. Twitter is as equally. The Muller report clearly states that NO Trump people were involved in or participated with Russia!,https://twitter.com/i/web/status/1120852859476639744,-1
MissLynneNYC,RT @BeyondHamilton: @MissLynneNYC I ordered the Muller Report on Audible for free bcs I usually listen to books. They released it for free.‚Ä¶,https://twitter.com/i/web/status/1120852575060996096,0
KelCampy,"RT @oliviaboen: @thehill Done following @thehill . What kind of a headline is ""Sanders fires back..."" when we just learned from Muller Repo‚Ä¶",https://twitter.com/i/web/status/1120852467967774720,-1
TMPeace2,@legaleagle48 @modernangelo @PeteButtigieg I have watched most videos and they are compelling.  However I understand what is being said about the lack of policy specifics.  Pete never answers how he will implement his policies and what is the timeline.  The muller report is #1 for a reason it has details,https://twitter.com/i/web/status/1120852005927432192,1
AdelysArt,@realDonaldTrump The way you chased Obama‚Äôs birth certificate was a witch hunt. The judicial process that went through to produce Muller‚Äôs report was legal because no one is above the law and suspicion of election fraud should always be investigated. You are NOT a victim,https://twitter.com/i/web/status/1120851337841762304,-1
gordonr2k13,@realDonaldTrump Go fuck your mother. You are guilty as hell. EVERYONE knows you obstructed Justice and very soon you will piss off the wrong person who has proof of your treason. Bars summary of the Muller report is a joke and Congress is going to get the full report. YOU'RE OUR BITCH NOW BOY!,https://twitter.com/i/web/status/1120850936904278016,-1
pastorkengeer,@SpeakerPelosi The muller report did not have enough to indict the president. Go ahead and waste your time on more worthless media stunts and the american people will get nothing from the House.,https://twitter.com/i/web/status/1120849824218263552,-1
BeyondHamilton,@MissLynneNYC I ordered the Muller Report on Audible for free bcs I usually listen to books. They released it for free. Now I can listen to what‚Äôs available for no cost.,https://twitter.com/i/web/status/1120849749077315593,0
nieceofToni,RT @CheriJacobus: The more voters who learn what's in the Muller report the lower Trump's poll numbers go.  Since most people won't read t‚Ä¶,https://twitter.com/i/web/status/1120849687320367105,0
James81030796,@joncoopertweets You absolute dumbass. The Muller report stated they didn‚Äôt make a choice on obstruction so they left it to the attorney general and his team to see the evidence where they then concluded their was no obstruction.,https://twitter.com/i/web/status/1120849303147249671,-1
Lou2uLou,@SpeakerPelosi @windmillcharger You said two years ago when we called for impeachment to wait for the Muller report. Now we have it and you say we need to wait for the unredacted version. You are moving the goal posts to deceive those who supported you and gave you the majority. You're being dishonest.,https://twitter.com/i/web/status/1120849261216829440,-1
gbdinterests,@realDonaldTrump At least we have a few excellent journalists left in the US - especially at NYTimes. Can‚Äôt wait until we the people see the Full Muller Report!,https://twitter.com/i/web/status/1120849227175878657,1
Claritybear,@jenimanon @GeorgeTakei You‚Äôre right @jenimanon there are lots of folks who live pay check to pay check who care. And many who don‚Äôt-for many of reasons. And the later group is why we have our current president. The results of the Muller Report is not going to the minds of most of them.,https://twitter.com/i/web/status/1120849125770182662,0
JenniferPravato,@MarMacUSPatriot @EvanRickard @TheSpanishDrunk @assinthevalley @jonathanjewel Actually they are parroting the Muller report. You might wasn‚Äôt to actually read it,https://twitter.com/i/web/status/1120849033210155014,0
thesetearsicry,This is how you know color people are not treated equal when it comes to the ruling in this society. Because if the Muller report was a reflection of Barack Obama doing there would have been no question about impeachment just the words. IMPEACH HIM NOW. Why not say that now?,https://twitter.com/i/web/status/1120848695279247360,-1
ffunnyguy,Yo ! Have you read the Muller report ? How did you let this happen ?  @FEC  @alt_fec  CC: #ImpeachDonaldTrump,https://twitter.com/i/web/status/1120848673909264384,-1
VittoriaRose2,@Greg_Sbutta @krassenstein The attorney general is acting as Trump's personal attorney and was appointed by Trump for Trump. Since we are talking about conflict of interests. Besides did you read the Muller report. My guess is you didn't because it's damning.,https://twitter.com/i/web/status/1120848357570772992,-1
Triplenichol,@neal_katyal What took him so long?  It's not like the Muller report was some kind of revelation.  We knew about russians porn stars endless lies.  Real courage would have been to stand up 2 years ago...better late than never?,https://twitter.com/i/web/status/1120847896264372224,0
tourist_paid,@ecclesias @Barbara60117444 @onlyperipatetic @IlhanMN @RashidaTlaib @AOC Trump has 0 Indictments brought against him. So that means he committed 0 crimes. If you know something Robert Muller doesn't please enlighten me. Since YOU read the report...I'm waiting.,https://twitter.com/i/web/status/1120847863842369536,-1
Crustyone2,@Badkracker13 @WestvilleGirl82 @WhoisQ1 @DeepPopQ @Time_Sentinel @nezumi_ningen What you can't read? It's not pur job to hold your hand do your own research but use valid sources based in reality like the Muller report.,https://twitter.com/i/web/status/1120847641636687872,-1
lriversiii,RT @dc_yenny: After hours of analysis I am glad to see my last article published about the intersections of the Mueller report and whitene‚Ä¶,https://twitter.com/i/web/status/1120847487596625920,1
AlistairDuncanK,RT @cpaschali: Ah Change UK/TIG decided to impersonate the Muller report https://t.co/CJvOGOnwkT,https://twitter.com/i/web/status/1120846897210589185,0
alesia_rinehart,@realDonaldTrump So I am 1/2 through the Muller Report and all I can think is that you are really betting that your supporters will not read it. So much collusion !!!,https://twitter.com/i/web/status/1120846540610920448,0
lilinjen,@JuneMSanders Barr labeled &amp; color coded it   so they know what‚Äôs under the redacted areas! If theY look they can‚Äôt keep the lie going.  The muller report is in trump is innocent it‚Äôs over . Let them be fools,https://twitter.com/i/web/status/1120846474210938881,-1
VittoriaRose2,@Greg_Sbutta @krassenstein I did read those articles. I actually read the Muller report too. A separate investigation that absolutely dosn't exonerate Trump of anything. Also those last two articles were opinion pieces which I stay away from. Opinions are like butts everyone has one and they all stink.,https://twitter.com/i/web/status/1120846339355676673,-1
karlarobson8,I hope the Monarchy doesn't assume that President Donald Trump has been cleared by the Muller report? The Queen Mother &amp; Mary McLeod Trump were friends both being from Scotland now Trumps going to a Palace dinner hum..... https://t.co/P0cSb3Obkr,https://twitter.com/i/web/status/1120846206270230528,0
applPiprogress,"RT @applPiprogress: Dems need CRISP PHRASE 2 repeat repeat repeat (like No Collusion)Thinking: ""The Muller Report Damns The Donald"" G‚Ä¶",https://twitter.com/i/web/status/1120846195151257601,-1
Andy75506342,@marklevinshow Love your show.  I am truly incensed by the whole Muller report and the ludicrous continued investigation by Democrats. When is this going to stop. With no collusion there can be no obstruction. I can only hope that Trump prevails in 2020,https://twitter.com/i/web/status/1120846193595166720,1
Pittsburghmia,@CNNPolitics If we keep focusing on Donnie and the Muller report Dems will lose.  Congress needs to do an investigation let us know the facts and let it go.  Move on to discuss issues and get trump out.  If we keep this up Donnie will win for sure.,https://twitter.com/i/web/status/1120845815361212416,-1
TheBarWatch,@JudicialWatch @TomFitton Muller's report reads like a very very bad Russian spy novel.  The report done by House Intel Committee Republicans is a much better read and was completed over a year ago!  https://t.co/l1zaur6Otx,https://twitter.com/i/web/status/1120845115361247232,-1
wkpixley1,"@fosterclf We spent 2 years waiting and wasting time for the Muller Report."" No the Mueller Report is a valuable resource that lays the basis for deeper evaluation/prosecution. Mueller was literally prohibited from bringing actual charges",https://twitter.com/i/web/status/1120844052281401345,0
day_politics,@KaeAndersen @RepAdamSchiff @realDonaldTrump You need to take a step back and read Volume 1 of the Muller Report. You may have voted for Donald Trump but the Russians did interfere weather it was through Facebook Twitter or whatever they meddled in our elections.,https://twitter.com/i/web/status/1120843828259254272,0
8t0Ric,RT @neverquiet1: Hmmmmm wonder what he was trying to get him to do?  Just like 45 did in the muller report twist arms! #Impeach45NOW http‚Ä¶,https://twitter.com/i/web/status/1120843722235584513,0
B54304376,"@JudicialWatch @TomFitton @JudgeJeanine Muller Report Volume II of II.  Reads like a narrative even refers to ""media raised questions""  ""the Washington Post reported"" lots of 2nd hand conversation with bits and pieces of quotes.  Not what one would expect or consider weighted for legitimacy cost.",https://twitter.com/i/web/status/1120842973799964672,0
WalthourGloria,RT @NBCNightlyNews: Watch live coverage of AG Barr's news conference on the redacted Muller report. https://t.co/0ZdAXYmEkV,https://twitter.com/i/web/status/1120842932179951617,0
TIGGERR00,RT @chuckwoolery: The Democrats are panicking following the Muller report and continue to hold on tight to the Russian collusion conspiracy‚Ä¶,https://twitter.com/i/web/status/1120842748033216523,0
cabodude,RT @thames_tim: Strange that the Democrats Are saying THE POLLS SAY MOST ALL OF THE PEOPLE WANTS THE ENTIRE MULLER REPORT RELEASED! ARE THE‚Ä¶,https://twitter.com/i/web/status/1120842493140934657,-1
pattyinNY,"On our way to impeachment let's have Congress get the full unredacted report revealing all of the ""hidden"" crimes and let's hear Muller testify publically to the American people. Let's get the most out of our position and actually do some damage.. https://t.co/ouj6enG41r",https://twitter.com/i/web/status/1120842029192351750,0
B54304376,"@DailyCaller Muller Report Volume II of II read it yourself.  Reads like a narrative even refers to ""media raised questions""  ""the Washington Post reported"" lots of 2nd hand conversation with bits and pieces of quotes.  Not what one would expect or consider weighted for legitimacy cost.",https://twitter.com/i/web/status/1120841358904786951,0
Denise092863,@Twister7096 @zoobopadooba @torney_patricia @RepMaxineWaters @HillaryClinton @BillClinton Did u read the Muller report are u fine with his negative views on people of color are you bothered that he is a liar. Trump has issues both criminal and socially. He has destroyed farming communities trade policies international standing Trump doesn't know what he is doing,https://twitter.com/i/web/status/1120841349694140416,-1
backtothefarm,"@EricWFMJ I'm sure it's not your dept but WFMJ was out to our farm today along with Congressman Kelly. FMJ did a horrible piece and turned it political scene ""congressman what do you think of the Muller report?"" Doesn't reflect well on the station! #WFMJ",https://twitter.com/i/web/status/1120840939562516480,-1
erniefay,RT @cborkowski: @TrueFactsStated Congress please read the Muller Report and #ImpeachDonaldTrump. https://t.co/NaZiUouilN,https://twitter.com/i/web/status/1120840872633835520,1
arealexty,RT @CheriJacobus: The more voters who learn what's in the Muller report the lower Trump's poll numbers go.  Since most people won't read t‚Ä¶,https://twitter.com/i/web/status/1120840588675440646,0
RobertT96720685,RT @chuckwoolery: The Democrats are panicking following the Muller report and continue to hold on tight to the Russian collusion conspiracy‚Ä¶,https://twitter.com/i/web/status/1120840415291244546,0
dc_yenny,After hours of analysis I am glad to see my last article published about the intersections of the Mueller report and whiteness.https://t.co/BpHQ8pwkJd,https://twitter.com/i/web/status/1120840195354583041,1
jillibeenz1,RT @RichardWeaving: SMC: House Dems Try To Order Attorney General Around Then Barr Crushes Nadler's Hope To See The Unredacted Muller Repo‚Ä¶,https://twitter.com/i/web/status/1120840027804717056,0
robclayrivers,@dc_yenny wrote the recent analysis good read - https://t.co/TlPC55QSTb,https://twitter.com/i/web/status/1120839764595417089,1
PaulHolzapfel,@JaredHuffman Dear @JaredHuffman I want to thank you for stepping up to the plate and vocalizing the need to move towards impeachment after the Muller report was released. While I highly respect @SpeakerPelosi formal investigative hearings MUST commence asap. Our constitution demands it. Thx,https://twitter.com/i/web/status/1120839763043315712,1
Yowib,@SpeakerPelosi This is disingenuous... you talk a big game about protect muller and the report.. muller gets done nothing found. Corruption is obvious  muller says it‚Äôs up to congress and in 4 TOTAL hrs you say ‚Äúno impeachment‚Äù WTF are you hyping all this up for?,https://twitter.com/i/web/status/1120839554905333762,-1
s500rick,@dadank1 @TaraSetmayer @AshaRangappa_ @Honestly_Tara Obstruction of justice  the mere attempt to try to get others to fire Muller..is Obstruction...Dan Mcgaian quit over it ...read the report,https://twitter.com/i/web/status/1120839206782287872,-1
ARRESTBHO,RT @colt_leonard: @FazioJoe @Richard37900032 @TomFitton @realDonaldTrump @GOP So bud that‚Äôs dues to the fact failure obama covered it up an‚Ä¶,https://twitter.com/i/web/status/1120839174788136960,-1
DIJoe78,@SpeakerPelosi In all fairness did you read the redacted Muller Report?,https://twitter.com/i/web/status/1120838791390875649,0
Florenc06365030,@purplemonkey75 @Drifterxgs @MSNBC We don‚Äôt need to impeach b/c we don‚Äôt have the votes in the senate the house needs to have live hearings so people can see what happened in the Muller report,https://twitter.com/i/web/status/1120838789650374657,0
ChristyenMormon,"@ReggieC_89 @dappergander @bud_cann @Can2geterdone If the Muller report says Trump is a criminal then that chain says Burning. Nothing wrong with being delusional in our society ""apparently""",https://twitter.com/i/web/status/1120838596431372289,-1
mehgcap,"@OpenArgs in today's episode Andrew was talking about a judge being granted the ability to review the un-redacted Muller report. What was that called? It sounded like ""in-camera"" but I'm guessing it's some Latin word?",https://twitter.com/i/web/status/1120838529142149121,0
Almightydidee1,@TIME @HillaryClinton It was utterly painful to watch this video! I wonder who gave this woman the right to opine in the muller report that she paid F-GPS for ! Furthermore we don‚Äôt know where 33k emails went and why blackberries were hammered.I rest my case!,https://twitter.com/i/web/status/1120837890576142337,-1
coterie186,@SenateGOP Problem with the RINO establishment is you dislike Trump voters. You should be raising $ off the great news of Muller report. Instead you have flipping Mitt who seeks media attention. Established deep state Rinos hate Trump &amp; his voters so you are silent with support.,https://twitter.com/i/web/status/1120837653832843264,-1
LeperaRobert,@gatxer01 @rickrosa10 @brithume Yeah that GIF makes no sense post Muller report it‚Äôs all in there.,https://twitter.com/i/web/status/1120837533687078912,0
Glenn78781418,I see where Hillery ( crime family) say's the Muller report is just the beginning. She's right she'll be the next one investigated along with the rest of her cohorts. Put all of them in jail. MAGA/KAG.,https://twitter.com/i/web/status/1120836624143671296,-1
billyshakes1561,@maggieNYT did rudy adivse WH to allow McGahn to give testimony to Muller report? a bit too late to change mind. @SRuhle @robreiner @McFaul @JohnBrennan @RepAdamSchiff #america why now #wethepeople what are they afraid of? hiding something? the truth shall set you free.,https://twitter.com/i/web/status/1120836274942693376,0
academic_degn,@RonTuck55568408 @politico lol since the muller report was a bust now the SDNY will come through.,https://twitter.com/i/web/status/1120835821437956097,1
ZilchBlack,"@realDonaldTrump It seems to many that you are being given lots of credit from the ""Fake News Media"" for what you have done Mr. President.  You are a traitor to our country and we have even more evidence of your treachery with the Muller report.",https://twitter.com/i/web/status/1120835102349627392,-1
ArbenLala2,@seanhannity @HillaryClinton @SaraCarterDC @GreggJarrett Crook Hannity imagine if Hillary was President &amp; Muller has the report on her? All of you crooks will vote to impeach &amp; get her out on the first day? You idiots are covering Trump crimes? All of you on your fake show was &amp; is a part of corrupt Trump administration?,https://twitter.com/i/web/status/1120834966399717377,-1
RyuuWaterDragon,RT @BeyondHamilton: @MissLynneNYC I ordered the Muller Report on Audible for free bcs I usually listen to books. They released it for free.‚Ä¶,https://twitter.com/i/web/status/1120857046537179136,0
lunamation,"RT @robert_zubrin: I made the Muller report!p. 16 footnote 14 of vol II: ""14 See e.g Andrew Osborn From Russia with love: why the Krem‚Ä¶",https://twitter.com/i/web/status/1120856523872145408,1
craig_ogren,@realDonaldTrump He must of not been in muller report ?his dad was smart ? Right just a thief,https://twitter.com/i/web/status/1120856499297968129,-1
dza3636,"@charlesj7787 @JessieJaneDuff ""The fact that this prosecutor unlike other prosecutors cannot indict if he finds an indictable offense may seem to put pressure on the attorney general to share the report with Congress which can remedy presidential misconduct through impeachment."" -Ken Starr op-ed on muller",https://twitter.com/i/web/status/1120856160603705344,0
RTedfordCEO,@realDonaldTrump @FoxNews If Trump's not guilty release the full Muller report. Unredacted. Also release his taxes. #Trumpguilty,https://twitter.com/i/web/status/1120855526395404288,-1
jimmyjimmyhall2,@RJNewsflash F‚Ä¢‚Ä¢‚Ä¢ @ShepNewsTeam he is another 2 face jerk who hates our President @realDonaldTrump. He hated that muller did not come up with nothing in his first report. Not the bs notes he added in the second half for all the swamp rats like shep and the Democrats to chew on. #trump2020,https://twitter.com/i/web/status/1120855282501005312,-1
marybai44359310,@realDonaldTrump @FoxNews Obviously you can‚Äôt read! Do you need an interpreter for the Muller report?,https://twitter.com/i/web/status/1120855236858580992,-1
Ladanieladea,@DocEgonSpengler @realDonaldTrump @FoxNews Miss Clinton commented on the Muller's report which seemed was paid by the Dems...#KAG2020 #TRUMP2020Landside.,https://twitter.com/i/web/status/1120855202754465792,-1
Reglyirregular,Really just woke up after the Muller Report ü§î https://t.co/XEhS0wp5YL,https://twitter.com/i/web/status/1120854873749299200,0
BigBobSmoker1,@LindseyGrahamSC @GOP His campaign literally told the Russians it was OK to spy on American citizens.  They didn‚Äôt report anything to the secret service or FBI. They are traders of the highest level. This is true this is what they admitted to in the Muller report.,https://twitter.com/i/web/status/1120854862231744514,-1
Juanita29366652,Righteous Truth:According to the all news media the Muller report is a best seller. People are reading the report not some bull shit summary that fat ass barr wrote.Guess what the trumpsupporters aren't reading Muller's report because those motherfuckers can't read!,https://twitter.com/i/web/status/1120854832276025344,-1
LeperaRobert,"@QC_Bounce @gatxer01 @rickrosa10 @brithume Muller report lays it out. President Bone Spurs is soooo passive around Putin why is that? Embarrassing-Helsinki July ""I have great confidence in my intelligence people but I will tell you that President Putin was extremely strong and powerful in his denial today"" Trump said.",https://twitter.com/i/web/status/1120854815117053952,0
HamdyKathleen,"RT @oliviaboen: @thehill Done following @thehill . What kind of a headline is ""Sanders fires back..."" when we just learned from Muller Repo‚Ä¶",https://twitter.com/i/web/status/1120854724998258688,0
JoyceGrady1,Well Democrats you foot the bill and pay the taxpayer for the Muller report. https://t.co/xeMuLt4tN6,https://twitter.com/i/web/status/1120854721718300672,0
Three59962462,@rugursig @EdKrassen @RepAdamSchiff What page of the Muller report is this on ü§î https://t.co/LvwewJS0ud,https://twitter.com/i/web/status/1120854711492431872,0
GGColberg,@Upnparr @lisastark351 @RepMarkMeadows @realDonaldTrump Read the Muller Report and get back to me.,https://twitter.com/i/web/status/1120854554940190722,0
tishara123,Wow!! I have not only downloaded but also read the ENTIRE muller report. If I didn‚Äôt already know there is a cancer in the WH I most definitely know it now. You won‚Äôt believe wht it says read it for yourself!! Not good 4 this administration. It‚Äôs time they all go now!!,https://twitter.com/i/web/status/1120854423360745478,-1
LauraLeeBordas,ALERT ALERT MULLER REPORT ALLOWS DOSSIER TO BLOW UP IN CLINTON FACE Caution to all deep state your next https://t.co/o35Nx60tql,https://twitter.com/i/web/status/1120854406390587392,-1
Lou2uLou,@SpeakerPelosi @windmillcharger You are being dishonest moving the goal posts. Two years ago you told us to wait for the Muller report. We delivered a majority to you on your pledge to hold Trump accountable. The Muller report was released showing enough obstruction of justice to start impeachment hearings.,https://twitter.com/i/web/status/1120854216476626947,-1
HailNuke,@ApprovalVote @MYGREYGARDENS Yep its clear you did not read the report.Theirs a part in the report that showed trump trying to fire Robert Muller but the people around him did not carry out his order,https://twitter.com/i/web/status/1120853348633260032,0
nonjuror,The post Muller report presidency equates with the post Trump presidency,https://twitter.com/i/web/status/1120853321722548224,0
hankt1972,@paulkrugman So Hillary bought the steel dossier and turn out to Russian screwing everyone. Sounds like Obama and his administration drop the ball. Because I read the Muller report which really seems like a Democrat playbook but I guess this is the insurance policy they were texting about.,https://twitter.com/i/web/status/1120853257646149632,-1
RockinW5,@DNCWarRoom @realDonaldTrump Why should he what do you hope to accomplish you won‚Äôt even tell the truth about the Muller report.,https://twitter.com/i/web/status/1120853044852330496,0
sidapps,@JerryMoran did u think that the Muller report clears Trump &amp; no aids should honor oversight subpoenas?,https://twitter.com/i/web/status/1120852955811463169,-1
peek_r,@RepAdamSchiff Once again you pathetic liberals are trying to spin your bull üí© stories to fit you harassment. FB testified that LESS then 4000 negative posts were used. Twitter is as equally. The Muller report clearly states that NO Trump people were involved in or participated with Russia!,https://twitter.com/i/web/status/1120852859476639744,-1
MissLynneNYC,RT @BeyondHamilton: @MissLynneNYC I ordered the Muller Report on Audible for free bcs I usually listen to books. They released it for free.‚Ä¶,https://twitter.com/i/web/status/1120852575060996096,0
KelCampy,"RT @oliviaboen: @thehill Done following @thehill . What kind of a headline is ""Sanders fires back..."" when we just learned from Muller Repo‚Ä¶",https://twitter.com/i/web/status/1120852467967774720,0
TMPeace2,@legaleagle48 @modernangelo @PeteButtigieg I have watched most videos and they are compelling.  However I understand what is being said about the lack of policy specifics.  Pete never answers how he will implement his policies and what is the timeline.  The muller report is #1 for a reason it has details,https://twitter.com/i/web/status/1120852005927432192,1
AdelysArt,@realDonaldTrump The way you chased Obama‚Äôs birth certificate was a witch hunt. The judicial process that went through to produce Muller‚Äôs report was legal because no one is above the law and suspicion of election fraud should always be investigated. You are NOT a victim,https://twitter.com/i/web/status/1120851337841762304,-1
gordonr2k13,@realDonaldTrump Go fuck your mother. You are guilty as hell. EVERYONE knows you obstructed Justice and very soon you will piss off the wrong person who has proof of your treason. Bars summary of the Muller report is a joke and Congress is going to get the full report. YOU'RE OUR BITCH NOW BOY!,https://twitter.com/i/web/status/1120850936904278016,-1
pastorkengeer,@SpeakerPelosi The muller report did not have enough to indict the president. Go ahead and waste your time on more worthless media stunts and the american people will get nothing from the House.,https://twitter.com/i/web/status/1120849824218263552,-1
BeyondHamilton,@MissLynneNYC I ordered the Muller Report on Audible for free bcs I usually listen to books. They released it for free. Now I can listen to what‚Äôs available for no cost.,https://twitter.com/i/web/status/1120849749077315593,0
nieceofToni,RT @CheriJacobus: The more voters who learn what's in the Muller report the lower Trump's poll numbers go.  Since most people won't read t‚Ä¶,https://twitter.com/i/web/status/1120849687320367105,-1
James81030796,@joncoopertweets You absolute dumbass. The Muller report stated they didn‚Äôt make a choice on obstruction so they left it to the attorney general and his team to see the evidence where they then concluded their was no obstruction.,https://twitter.com/i/web/status/1120849303147249671,-1
Lou2uLou,@SpeakerPelosi @windmillcharger You said two years ago when we called for impeachment to wait for the Muller report. Now we have it and you say we need to wait for the unredacted version. You are moving the goal posts to deceive those who supported you and gave you the majority. You're being dishonest.,https://twitter.com/i/web/status/1120849261216829440,-1
gbdinterests,@realDonaldTrump At least we have a few excellent journalists left in the US - especially at NYTimes. Can‚Äôt wait until we the people see the Full Muller Report!,https://twitter.com/i/web/status/1120849227175878657,1
Claritybear,@jenimanon @GeorgeTakei You‚Äôre right @jenimanon there are lots of folks who live pay check to pay check who care. And many who don‚Äôt-for many of reasons. And the later group is why we have our current president. The results of the Muller Report is not going to the minds of most of them.,https://twitter.com/i/web/status/1120849125770182662,0
JenniferPravato,@MarMacUSPatriot @EvanRickard @TheSpanishDrunk @assinthevalley @jonathanjewel Actually they are parroting the Muller report. You might wasn‚Äôt to actually read it,https://twitter.com/i/web/status/1120849033210155014,0
thesetearsicry,This is how you know color people are not treated equal when it comes to the ruling in this society. Because if the Muller report was a reflection of Barack Obama doing there would have been no question about impeachment just the words. IMPEACH HIM NOW. Why not say that now?,https://twitter.com/i/web/status/1120848695279247360,-1
ffunnyguy,Yo ! Have you read the Muller report ? How did you let this happen ?  @FEC  @alt_fec  CC: #ImpeachDonaldTrump,https://twitter.com/i/web/status/1120848673909264384,0
VittoriaRose2,@Greg_Sbutta @krassenstein The attorney general is acting as Trump's personal attorney and was appointed by Trump for Trump. Since we are talking about conflict of interests. Besides did you read the Muller report. My guess is you didn't because it's damning.,https://twitter.com/i/web/status/1120848357570772992,-1
Triplenichol,@neal_katyal What took him so long?  It's not like the Muller report was some kind of revelation.  We knew about russians porn stars endless lies.  Real courage would have been to stand up 2 years ago...better late than never?,https://twitter.com/i/web/status/1120847896264372224,0
